,component,period start,period end,TSLS,T0,Srate0,sigmaTSLS,TSLS_P5,TSLS_P17,TSLS_P50,TSLS_P83,TSLS_P95,sigmaT0,sigmaSrate0
0,GMSL,1850,2018,0.0033901618156334063,-1.077881690648943,0.003612927633110184,0.0004473451517691145,0.002680973915521914,0.002966866610064194,0.003393725304658377,0.0038122817626525677,0.0041592908270272734,0.11024872833339852,0.0002609224242304915
1,Steric,1901,2018,0.0014022393965700708,-1.093908002726225,0.0014180077784176387,0.0004907921473810931,0.0006114071283056516,0.0009528225398649004,0.0013958713504433765,0.0018611457335409253,0.0022367498940452065,0.4343071330488826,0.00034257218238181443
2,GIC,1850,2018,0.00017184603710785834,-3.352753083359822,0.0006095529297827392,0.00010463778462282763,-6.501569437984952e-06,7.486718345482064e-05,0.0001748155437500138,0.0002711127648980584,0.0003437036960722975,25.09008090237793,3.155041986782178e-05
3,GrIS,1901,2018,0.00046071517463918034,-1.4459537128318014,0.0005727188484444752,0.00014208393609588246,0.00023090162449647714,0.0003210394281222173,0.00046485446152057925,0.0005972127361404916,0.0006973676031145183,2.4626336595708613,6.255474831466974e-05
4,AIS,1901,2018,0.00043667595826337363,-0.9093490144149603,0.0003364060395711416,0.00016609190105020907,0.00016086147649600706,0.00027896984250676114,0.000435546964686177,0.0005996969449294278,0.0007190089715949918,2.0244077752238505,7.236198280606289e-05
5,All but GIC,1850,2018,0.003224953614384117,-0.9427694127100734,0.0029999325435200695,0.00047400211965487564,0.0024900234481335095,0.002772879007911958,0.0031937241205050627,0.0036853077974715125,0.004039053179275119,0.10906882576651156,0.00027273291694828025
