,component,period start,period end,TSLS,T0,Srate0,sigmaTSLS,sigmaT0,sigmaSrate0
0,GMSL,1850,2018,0.0029804882831458704,-1.3120831237049386,0.0038736753015084667,0.00036384169603318665,0.11354235797599117,0.00023065520031565227
1,Steric,1901,2018,0.001005918796083642,-1.7001402731477637,0.0014416325763300603,0.00041643515486802297,3.20307276618357,0.00030087572911154537
2,Glaciers,1901,2018,9.063963030165916e-05,1.4644687344797562,0.0005983088808454287,0.00011701935071933381,100.5713803394309,4.417545367741826e-05
3,GrIS,1901,2018,0.0003541874954849481,-1.7650856445253118,0.0005833958916040378,9.680420818834204e-05,0.5096977623787805,5.6032294238311445e-05
4,AIS,1901,2018,0.00037798920656500833,-1.018680060256633,0.00036498179256719607,0.00010612263417152813,0.2531122461679355,6.15125567464184e-05
