,component,period start,period end,TSLS,T0,Srate0,sigmaTSLS,TSLS_P5,TSLS_P17,TSLS_P50,TSLS_P83,TSLS_P95,sigmaT0,sigmaSrate0
0,GMSL,1850,2018,0.003275568426504771,-0.9953310387400165,0.0032292501661051786,0.0003930581411834307,0.0026329301000246933,0.0028991281713220828,0.003272544516135685,0.003649299736309861,0.003916826452307136,0.09809319849070754,0.00022921254327849583
1,Steric,1901,2018,0.0014014892797473183,-0.9620571103735054,0.001255254133193085,0.00047144498099918836,0.0006260755409054361,0.0009461191579580002,0.0013993592384882697,0.0018535050607759525,0.0021740869873995727,0.8683312769212892,0.00028892329515175933
2,GIC,1850,2018,0.00016355688674951396,-4.9355675735188465,0.0005933139166366248,0.00010531982364675894,-9.317912472126657e-06,6.339024064103404e-05,0.0001654919427476313,0.00026399365208180974,0.0003377764190015477,218.61329440346842,3.166926441785179e-05
3,GrIS,1901,2018,0.00039918818288121134,-1.5784210490882353,0.0004957974506593281,0.00015039116324135255,0.00015293346644485681,0.0002551175420164839,0.0003991508114685493,0.0005442773303194183,0.0006448214559357651,7.721962730822939,5.324604631759144e-05
4,AIS,1901,2018,0.0004280092475855956,-0.8081459390009169,0.0002808730342911714,0.00017416136309771516,0.00014317157067056944,0.00025937416608124016,0.00042811083422150106,0.0005959274212271134,0.0007150260574757954,4.249121239009712,6.122300095265888e-05
5,All but GIC,1850,2018,0.0031272815465193844,-0.8516219798680286,0.0026347523070442114,0.000406544069126453,0.002460281228018902,0.002743214819821158,0.0031276872332368687,0.0035058270605808446,0.0037995804555719026,0.0941451028604965,0.00023011233489881463
