,component,period start,period end,TSLS,T0,Srate0,sigmaTSLS,TSLS_P5,TSLS_P17,TSLS_P50,TSLS_P83,TSLS_P95,sigmaT0,sigmaSrate0
0,GMSL,1850,2018,0.0032813988433600637,-0.9899031989430891,0.003232363536823459,0.00039310934295742124,0.0026441457621498143,0.0029057267612355797,0.003275050739392064,0.003655610383770577,0.003937114875725515,0.09502142088982547,0.00022797644499209335
1,Steric,1901,2018,0.0014082826728545363,-0.9160496195088503,0.0012606664879501505,0.0004665115654220225,0.0006514165583584643,0.0009680679599960703,0.0014013441090071992,0.00184874143277499,0.002186666481194714,0.17204988640739824,0.0002868354027232059
2,GIC,1850,2018,0.00016265122555992565,-3.913474929822213,0.0005933476049599561,0.00010550773885744057,-9.956389505501179e-06,6.22503751720126e-05,0.00016251957604326075,0.00026378493717496137,0.0003367649243236033,2.3188810196842353,3.165829604122125e-05
3,GrIS,1901,2018,0.00040372056401805556,-1.302581730135183,0.000496292002880777,0.000150426611095237,0.0001580855132911378,0.00026031502136559593,0.0004013748099073876,0.0005492740175815315,0.0006529253964054897,0.45542204628378813,5.3930272441891164e-05
4,AIS,1901,2018,0.00042663399196920436,-0.7020527135311304,0.0002810708854120111,0.00017496302694229276,0.00014078757571368334,0.0002583116393658666,0.00042677325128196624,0.0005929551580407907,0.0007145137071265996,0.2901258388800936,6.216151512382857e-05
5,All but GIC,1850,2018,0.003129303883883335,-0.8470243316436062,0.0026373402534922534,0.00040762526211059245,0.0024628709457451504,0.0027357153426389906,0.0031290876236403447,0.003517015869622975,0.0037994298631914233,0.09312696207285635,0.00023364935596455403
