,component,period start,period end,TSLS,T0,Srate0,sigmaTSLS,TSLS_P5,TSLS_P17,TSLS_P50,TSLS_P83,TSLS_P95,sigmaT0,sigmaSrate0
0,GMSL,1850,2018,0.0033932541937163356,-1.1868575627641489,0.003991899359441662,0.00039541515932590374,0.002750833164204389,0.0030212889159843557,0.003402142853974309,0.0037472659538893144,0.004053446273880063,0.10089520764633844,0.00022442396645283973
1,Steric,1901,2018,0.0014633639832708175,-1.2045800177930905,0.0016959288526205997,0.0003661211611760979,0.0008693953404102669,0.0011191924039592267,0.0014548696700576445,0.0018089576597837462,0.0020879405107369943,0.2847770787207749,0.0002607048254691259
2,GIC,1850,2018,0.0001574044256989258,-6.799816666179728,0.0006101051048853958,8.859449860505114e-05,1.80518008635723e-05,7.221563748631071e-05,0.00015804118503768167,0.00024250006504061012,0.0003042701962519941,191.6400754760933,2.9850112592135766e-05
3,GrIS,1901,2018,0.0004247909213738571,-1.4488570996110381,0.0005857135838252496,0.00010280095157080474,0.00024929669375910337,0.00032927936047810454,0.0004267773503156515,0.0005203272821418391,0.0005903834265850337,0.3277952244135761,5.3030616993823036e-05
4,AIS,1901,2018,0.00042875579576167,-0.9114886218647578,0.0003733574435104795,0.00011274738051021807,0.00025017184240134864,0.0003147334085710868,0.00042755413612570795,0.0005387191728472692,0.00060626177639397,0.2002088122570589,5.9419193254199354e-05
5,All but GIC,1850,2018,0.003183535683939988,-1.0634035365077286,0.003350581149214815,0.0004072669746630142,0.0025048017165620363,0.002783878767257037,0.00317030443117143,0.003599191889917978,0.00384356879241171,0.10035701476164219,0.00022885493284046163
