,component,period start,period end,TSLS,T0,Srate0,sigmaTSLS,sigmaT0,sigmaSrate0
0,GMSL,1850,2018,0.0033812382460348413,-1.190523344964864,0.003993022073220378,0.0003813042663860605,0.09664275454657015,0.00022594510345398303
1,Steric,1901,2018,0.0014307131303528042,-1.2340833462014156,0.0016774110649385077,0.00038115872662407865,0.4347157271711938,0.0002754792234660881
2,Glaciers,1901,2018,0.00014173190319199575,-5.737665126345453,0.000612626074478078,0.00012234164911859998,107.53655127932544,3.141933785671571e-05
3,GrIS,1901,2018,0.0004292539029169621,-1.4367140128306397,0.0005881454077281831,0.00010290186610057767,0.3197559010563512,5.32435818226047e-05
4,AIS,1901,2018,0.0004284025700458598,-0.9236697013644585,0.00037537276811166836,0.000116674309242126,0.21892538193456282,5.86397573826929e-05
