,component,period start,period end,TSLS,T0,Srate0,sigmaTSLS,TSLS_P5,TSLS_P17,TSLS_P50,TSLS_P83,TSLS_P95,sigmaT0,sigmaSrate0
0,GMSL,1850,2018,0.0034018688231115357,-1.1881374082474683,0.004004372100027332,0.00040860835626515906,0.0027680424052531323,0.0030117518716165055,0.003393514705482812,0.0037700863293927056,0.004102615850530032,0.10311996078984269,0.0002278206581238551
1,Steric,1901,2018,0.0014494806464774772,-1.209790961546242,0.0016925426629748588,0.00038247244167178364,0.0008144291953082457,0.0010873068794382918,0.0014305709777797859,0.001820086553771404,0.002090938433069745,0.19373764554109746,0.0002750673809484965
2,Glaciers,1901,2018,0.000141758366344006,-3.054551810367803,0.0006107524326944659,0.00011248021878157239,-3.9444897509124756e-05,3.3159048817682846e-05,0.000139757450231421,0.0002499216998186872,0.00032747828348071,137.73954553190927,3.062757384485356e-05
3,GrIS,1901,2018,0.00042699645185485845,-1.4386325843310315,0.0005864495001375941,0.0001042894973744014,0.00026070039744750237,0.0003231944388707035,0.00042192932201602114,0.0005268790805725701,0.0006086985036632826,0.29776172807977264,5.3294391820211884e-05
4,AIS,1901,2018,0.0004247674689942517,-0.9293387668647454,0.00037273086552372603,0.0001198078528978505,0.00023439168472291083,0.00031208070215929594,0.0004210975327720813,0.0005346633726254739,0.0006236727414878525,0.25353743254144295,5.979525830371432e-05
5,AllButGlaciers,1850,2018,0.00289542540631832,-1.1494992787945422,0.003291833466677593,0.0003879633435564011,0.0022661866653939616,0.002530290459899985,0.0028908958529753987,0.003263078687256229,0.003541072106767577,0.10794088147112976,0.00022852907777994635
