,component,period start,period end,TSLS,T0,Srate0,sigmaTSLS,TSLS_P5,TSLS_P17,TSLS_P50,TSLS_P83,TSLS_P95,sigmaT0,sigmaSrate0
0,GMSL,1850,2018,0.0034057157906948322,-1.1849619999144796,0.004002543158824504,0.00038374294172160295,0.0028008987926488632,0.00302287578042363,0.0034109030173558913,0.003782426606043062,0.0040346658235665914,0.09756563021198252,0.0002220109520818063
1,Steric,1901,2018,0.0014592300270167473,-1.2114914029321369,0.0016955345236234721,0.00038802836612738444,0.0008042322304650776,0.001110626773594929,0.0014645921302975946,0.0018227368229863645,0.0021082108079975366,0.24143624912403613,0.00027486777766047506
2,Glaciers,1901,2018,0.0001370516302170774,-1.6685825419268214,0.0006095956304339611,0.0001231491947916831,-5.8611095712688885e-05,2.476558455824946e-05,0.0001358363810290368,0.00025139550265873046,0.00033709374665774736,147.3685885401777,3.107896916760462e-05
3,GrIS,1971,2018,0.0004919020250911314,-1.2714410133563052,0.0006025489299505675,0.00010822535279521011,0.00031584152927021655,0.0003849752822319528,0.0004933030969500762,0.0005943954647853279,0.0006631253388592766,0.23356612414057368,5.340295064201649e-05
4,AIS,1901,2018,0.000426611035230461,-0.9192668988090152,0.00037478838040965867,0.00011437299859213263,0.00024110779672184695,0.00031774993542081967,0.00042439248117515506,0.0005294745112663314,0.0006362808085127656,0.19514578480719955,5.9827938109461384e-05
