,component,period start,period end,TSLS,T0,Srate0,sigmaTSLS,TSLS_P5,TSLS_P17,TSLS_P50,TSLS_P83,TSLS_P95,sigmaT0,sigmaSrate0
0,GMSL,1850,2018,0.0033684296148626513,-1.0823886471897046,0.003608172870730231,0.0004336053031126777,0.002682093199485341,0.002985545462901533,0.003341664628580469,0.003767644598078005,0.004126699392738328,0.10910246931935051,0.000274553793664471
1,Steric,1901,2018,0.0014011534871931,-1.1021504799071522,0.0014267425668404838,0.0005092368335223609,0.000584039408336537,0.0009167000260764574,0.001399574559089375,0.0018815277673062906,0.002255952436620865,0.5535962475143364,0.0003611049227907983
2,GIC,1850,2018,0.00016530551883201284,-5.338729138844393,0.0006095017357652197,0.00010557944673541349,-7.78167069306018e-06,6.78143020598651e-05,0.00016322962635740115,0.00026409665333196076,0.00033378046559231844,80.99887573742369,3.1612141972208026e-05
3,GrIS,1901,2018,0.00045854490057558217,-1.3834637974260349,0.0005699349460031557,0.0001406458206596431,0.00022298628623507036,0.0003274339278448321,0.000460663281143448,0.0005903002055468864,0.0006859529012317934,0.7025293094268447,6.181352769266199e-05
4,AIS,1901,2018,0.0004260664480721127,-0.9714113703327367,0.00033622426453113407,0.00017438101442714536,0.00013972018721006123,0.0002563249992925294,0.000431753987692031,0.0005888283264145233,0.0007169949945884622,1.8071930545989388,7.235175359549726e-05
5,All but GIC,1850,2018,0.0032076740724744537,-0.9443299268629166,0.0029912098671514295,0.00045933616144435,0.002493727597590864,0.0027988401589183016,0.0031937192627584064,0.0036321518072636606,0.004013240038280401,0.108478503858549,0.00027454829061618975
