,component,period start,period end,TSLS,T0,Srate0,sigmaTSLS,sigmaT0,sigmaSrate0
0,GMSL,1850,2018,0.002995353784474618,-1.3072027116910667,0.0038781767561883833,0.000369113851503541,0.11328544077339799,0.00023271398863530668
1,Steric,1901,2018,0.0010270568166302714,-1.530888416808423,0.00146021810133065,0.00042256110402383594,7.963482706363549,0.0003030788899061203
2,Glaciers,1901,2018,8.37996993046931e-05,-3.4444042043158705,0.0005961593840709684,0.00011933886645561661,223.95284070168645,4.489232635513705e-05
3,GrIS,1901,2018,0.00035302887141214727,-1.784633263901894,0.0005823585847727188,9.661970896593748e-05,1.2487518516507108,5.517027584853582e-05
4,AIS,1901,2018,0.00037747680608953997,-1.0133305063992737,0.00036165609713842504,0.00010625482825506236,0.30225200847689143,6.248618509725963e-05
5,WAIS,1901,2017,6.386472739954221e-05,-0.4449526595751094,5.0875246188958125e-05,0.00016151351418240898,11.6489059396868,6.435355094125068e-05
6,EAIS,1901,2017,-3.1690383840429395e-06,-0.3111223017518757,-2.552284214375292e-06,0.00016349796809639192,7.637972963425771,6.725102488596507e-05
7,PEN,1901,2017,1.3172835464020033e-05,-0.39181136992120563,1.06988751650237e-05,0.00015914321211717722,4.775087414995259,6.256010248100907e-05
